"ocean","rcp","location","mean","sd","med"
"Arctic","RCP 8.5","Bioregion",0.407222056079229,0.0348893083036031,0.408006769367208
"Arctic","RCP 8.5","Conservation Network",0.364242366366002,0.0244172690519743,0.362825218132464
"Arctic","RCP 8.5","outside",0.410068317297986,0.0336763330436483,0.410708910625198
"Arctic","RCP 2.6","Bioregion",0.372967437732,0.0345384510687853,0.378193904949605
"Arctic","RCP 2.6","Conservation Network",0.323347537168486,0.0230822611997421,0.324137213533144
"Arctic","RCP 2.6","outside",0.376394411668015,0.0325220520705326,0.381296685940494
"Atlantic","RCP 8.5","Bioregion",0.359283268834773,0.0450800822181505,0.371831121257367
"Atlantic","RCP 8.5","Conservation Network",0.331962179450355,0.0472418738193763,0.336774059234483
"Atlantic","RCP 8.5","outside",0.362700404140998,0.0436330689713634,0.374033888264112
"Atlantic","RCP 2.6","Bioregion",0.337257372952593,0.0452056791507383,0.347094459735105
"Atlantic","RCP 2.6","Conservation Network",0.313322310112501,0.0417846873029725,0.314214031592781
"Atlantic","RCP 2.6","outside",0.340225006859191,0.0447521117339438,0.350475059401349
"Pacific","RCP 8.5","Bioregion",0.335637681295712,0.0606275229064535,0.30155021251566
"Pacific","RCP 8.5","Conservation Network",0.30823231990807,0.0239599711051332,0.300930136924249
"Pacific","RCP 8.5","outside",0.342977697659743,0.0652033533263611,0.301922406705128
"Pacific","RCP 2.6","Bioregion",0.304124847937175,0.065105652607285,0.269484913533843
"Pacific","RCP 2.6","Conservation Network",0.271908881262919,0.0257012151247672,0.263507211002624
"Pacific","RCP 2.6","outside",0.312755659876757,0.0696042320511928,0.270263593160392
