"ocean","rcp","location","mean","sd","med"
"Arctic","RCP 8.5","Bioregion",0.407222056079229,0.0348893083036031,0.408006769367208
"Arctic","RCP 8.5","Conservation Network",0.372085543698123,0.0273933817192671,0.370605201083097
"Arctic","RCP 8.5","outside",0.410905949909778,0.033668412441863,0.411853333600971
"Arctic","RCP 2.6","Bioregion",0.372967437732,0.0345384510687853,0.378193904949605
"Arctic","RCP 2.6","Conservation Network",0.334529508166872,0.0287356936369513,0.331781100094251
"Arctic","RCP 2.6","outside",0.377137740515226,0.032565841486353,0.382351205683441
"Atlantic","RCP 8.5","Bioregion",0.359283268834773,0.0450800822181505,0.371831121257367
"Atlantic","RCP 8.5","Conservation Network",0.332036943544298,0.047037901764038,0.336991513781479
"Atlantic","RCP 8.5","outside",0.362681625856744,0.0436696202987758,0.374033888264112
"Atlantic","RCP 2.6","Bioregion",0.337257372952593,0.0452056791507383,0.347094459735105
"Atlantic","RCP 2.6","Conservation Network",0.313400498791696,0.0415929918309551,0.314645606585218
"Atlantic","RCP 2.6","outside",0.340205744132547,0.0447801949645148,0.350459292807124
"Pacific","RCP 8.5","Bioregion",0.335637681295712,0.0606275229064534,0.30155021251566
"Pacific","RCP 8.5","Conservation Network",0.322901363280797,0.0473345847117615,0.301820052175729
"Pacific","RCP 8.5","outside",0.340101295569332,0.0637979613653735,0.301409401460763
"Pacific","RCP 2.6","Bioregion",0.304124847937175,0.065105652607285,0.269484913533843
"Pacific","RCP 2.6","Conservation Network",0.287713015251343,0.0507564360625777,0.269246853872703
"Pacific","RCP 2.6","outside",0.309693045105104,0.0681554531092698,0.269789309371467
